audio_id,audio_path,speaker_id,speaker_gender,emotion,emotion_index,emotion_detail,service_emotion,emotion_source,transcript,transcript_source,duration_s,sample_rate,channels,audio_rms,audio_peak,audio_zero_crossing_rate,spectral_centroid_hz,pitch_hz,pitch_confidence
f2001_000001,small/F2001.tar!F2001/wav_48000/F2001_000001.wav,F2001,female,neutral,1,"뉴스, 나레이션 문의 낭독체",normal,skt_index,,,5.0620,44100,1,0.0474199,0.405121,0.0485327,3466.5990,154.7368,0.3357
f2001_000002,small/F2001.tar!F2001/wav_48000/F2001_000002.wav,F2001,female,neutral,1,"뉴스, 나레이션 문의 낭독체",normal,skt_index,,,8.8700,44100,1,0.0436235,0.37558,0.0622803,2489.0697,127.8261,0.4293
f2001_000003,small/F2001.tar!F2001/wav_48000/F2001_000003.wav,F2001,female,neutral,1,"뉴스, 나레이션 문의 낭독체",normal,skt_index,,,7.3375,44100,1,0.0227844,0.255524,0.0597466,3993.1789,267.2727,0.9360
f2001_000004,small/F2001.tar!F2001/wav_48000/F2001_000004.wav,F2001,female,neutral,1,"뉴스, 나레이션 문의 낭독체",normal,skt_index,,,6.3623,44100,1,0.0478784,0.438904,0.0502789,3472.8744,334.0909,0.3574
f2001_000005,small/F2001.tar!F2001/wav_48000/F2001_000005.wav,F2001,female,neutral,1,"뉴스, 나레이션 문의 낭독체",normal,skt_index,,,4.8298,44100,1,0.0627347,0.562714,0.0414947,1929.6612,319.5652,0.4056
f2001_000006,small/F2001.tar!F2001/wav_48000/F2001_000006.wav,F2001,female,neutral,1,"뉴스, 나레이션 문의 낭독체",normal,skt_index,,,7.4304,44100,1,0.0498322,0.404022,0.0575136,2935.9623,193.4211,0.3698
f2001_000007,small/F2001.tar!F2001/wav_48000/F2001_000007.wav,F2001,female,neutral,1,"뉴스, 나레이션 문의 낭독체",normal,skt_index,,,7.5697,44100,1,0.0348833,0.262115,0.053091,2906.4235,193.4211,0.6620
f2001_000008,small/F2001.tar!F2001/wav_48000/F2001_000008.wav,F2001,female,neutral,1,"뉴스, 나레이션 문의 낭독체",normal,skt_index,,,5.9907,44100,1,0.0252127,0.251465,0.0332449,1927.4011,207.0423,0.6867
f2001_000009,small/F2001.tar!F2001/wav_48000/F2001_000009.wav,F2001,female,neutral,1,"뉴스, 나레이션 문의 낭독체",normal,skt_index,,,10.0775,44100,1,0.0300865,0.226379,0.0342473,2443.8742,198.6486,0.7275
f2001_000010,small/F2001.tar!F2001/wav_48000/F2001_000010.wav,F2001,female,neutral,1,"뉴스, 나레이션 문의 낭독체",normal,skt_index,,,6.4087,44100,1,0.0194585,0.211517,0.0526178,3461.8789,233.3333,0.7231
f2001_000011,small/F2001.tar!F2001/wav_48000/F2001_000011.wav,F2001,female,neutral,1,"뉴스, 나레이션 문의 낭독체",normal,skt_index,,,9.6595,44100,1,0.0913683,0.772095,0.0665754,3231.4732,288.2353,0.8216
f2001_000012,small/F2001.tar!F2001/wav_48000/F2001_000012.wav,F2001,female,neutral,1,"뉴스, 나레이션 문의 낭독체",normal,skt_index,,,5.8514,44100,1,0.0747446,0.764099,0.0630079,3675.1978,282.6923,0.3325
f2001_000013,small/F2001.tar!F2001/wav_48000/F2001_000013.wav,F2001,female,neutral,1,"뉴스, 나레이션 문의 낭독체",normal,skt_index,,,5.9907,44100,1,0.0838203,0.766357,0.0831785,3400.3094,408.3333,0.6942
f2001_000014,small/F2001.tar!F2001/wav_48000/F2001_000014.wav,F2001,female,neutral,1,"뉴스, 나레이션 문의 낭독체",normal,skt_index,,,4.1796,44100,1,0.0680993,0.654297,0.0537655,2938.7842,210.0000,0.5246
f2001_000015,small/F2001.tar!F2001/wav_48000/F2001_000015.wav,F2001,female,neutral,1,"뉴스, 나레이션 문의 낭독체",normal,skt_index,,,9.5666,44100,1,0.0533167,0.623535,0.0926504,3540.8885,222.7273,0.2556
f2001_000016,small/F2001.tar!F2001/wav_48000/F2001_000016.wav,F2001,female,neutral,1,"뉴스, 나레이션 문의 낭독체",normal,skt_index,,,5.7121,44100,1,0.0487922,0.61676,0.0623375,3584.1511,420.0000,0.9255
f2001_000017,small/F2001.tar!F2001/wav_48000/F2001_000017.wav,F2001,female,neutral,1,"뉴스, 나레이션 문의 낭독체",normal,skt_index,,,6.7338,44100,1,0.061493,0.632385,0.0595806,2776.8506,154.7368,0.3713
f2001_000018,small/F2001.tar!F2001/wav_48000/F2001_000018.wav,F2001,female,neutral,1,"뉴스, 나레이션 문의 낭독체",normal,skt_index,,,5.2477,44100,1,0.087615,0.967377,0.0751006,2806.6393,334.0909,0.4142
f2001_000019,small/F2001.tar!F2001/wav_48000/F2001_000019.wav,F2001,female,neutral,1,"뉴스, 나레이션 문의 낭독체",normal,skt_index,,,6.7802,44100,1,0.0599327,0.640045,0.0466912,2682.6772,245.0000,0.4135
f2001_000020,small/F2001.tar!F2001/wav_48000/F2001_000020.wav,F2001,female,neutral,1,"뉴스, 나레이션 문의 낭독체",normal,skt_index,,,5.2013,44100,1,0.0565587,0.50116,0.0530441,2652.5292,204.1667,0.7832
f2001_000021,small/F2001.tar!F2001/wav_48000/F2001_000021.wav,F2001,female,angry,2,"화난, 큰소리의",angry,skt_index,,,11.3662,44100,1,0.0441597,0.452118,0.0569119,4151.4871,326.6667,0.5853
f2001_000022,small/F2001.tar!F2001/wav_48000/F2001_000022.wav,F2001,female,angry,2,"화난, 큰소리의",angry,skt_index,,,7.0124,44100,1,0.0456663,0.388916,0.0521363,3280.9367,249.1525,0.5952
f2001_000023,small/F2001.tar!F2001/wav_48000/F2001_000023.wav,F2001,female,angry,2,"화난, 큰소리의",angry,skt_index,,,5.3406,44100,1,0.0391589,0.294098,0.0666825,3337.7349,376.9231,0.7853
f2001_000024,small/F2001.tar!F2001/wav_48000/F2001_000024.wav,F2001,female,angry,2,"화난, 큰소리의",angry,skt_index,,,5.9907,44100,1,0.0436572,0.417053,0.0629317,3321.8530,161.5385,0.3531
f2001_000025,small/F2001.tar!F2001/wav_48000/F2001_000025.wav,F2001,female,angry,2,"화난, 큰소리의",angry,skt_index,,,5.3406,44100,1,0.0449833,0.406921,0.0396656,2824.1167,210.0000,0.5020
f2001_000026,small/F2001.tar!F2001/wav_48000/F2001_000026.wav,F2001,female,angry,2,"화난, 큰소리의",angry,skt_index,,,8.0341,44100,1,0.090384,0.720703,0.0654242,1922.4235,397.2973,0.4643
f2001_000027,small/F2001.tar!F2001/wav_48000/F2001_000027.wav,F2001,female,angry,2,"화난, 큰소리의",angry,skt_index,,,4.9226,44100,1,0.0276474,0.217804,0.0579215,2760.1838,237.0968,0.8016
f2001_000028,small/F2001.tar!F2001/wav_48000/F2001_000028.wav,F2001,female,angry,2,"화난, 큰소리의",angry,skt_index,,,6.4551,44100,1,0.109502,0.950012,0.0345838,2046.9341,408.3333,0.2814
f2001_000029,small/F2001.tar!F2001/wav_48000/F2001_000029.wav,F2001,female,angry,2,"화난, 큰소리의",angry,skt_index,,,6.3158,44100,1,0.0603211,0.610199,0.0474317,2761.5006,114.8438,0.2086
f2001_000030,small/F2001.tar!F2001/wav_48000/F2001_000030.wav,F2001,female,angry,2,"화난, 큰소리의",angry,skt_index,,,6.5016,44100,1,0.029594,0.286896,0.0427073,2757.1104,249.1525,0.4337
f2001_000031,small/F2001.tar!F2001/wav_48000/F2001_000031.wav,F2001,female,joy,3,"즐거운, 기쁜, 행복한",normal,skt_index,,,5.7585,44100,1,0.0223807,0.211304,0.0569086,3511.3374,376.9231,0.7087
f2001_000032,small/F2001.tar!F2001/wav_48000/F2001_000032.wav,F2001,female,joy,3,"즐거운, 기쁜, 행복한",normal,skt_index,,,8.2199,44100,1,0.0273715,0.264832,0.0568008,4595.0822,350.0000,0.7009
f2001_000033,small/F2001.tar!F2001/wav_48000/F2001_000033.wav,F2001,female,joy,3,"즐거운, 기쁜, 행복한",normal,skt_index,,,7.0589,44100,1,0.0213209,0.240234,0.0397726,2114.8811,186.0759,0.5818
f2001_000034,small/F2001.tar!F2001/wav_48000/F2001_000034.wav,F2001,female,joy,3,"즐거운, 기쁜, 행복한",normal,skt_index,,,4.5511,44100,1,0.040262,0.388672,0.059755,3260.1566,350.0000,0.8097
f2001_000035,small/F2001.tar!F2001/wav_48000/F2001_000035.wav,F2001,female,joy,3,"즐거운, 기쁜, 행복한",normal,skt_index,,,5.2477,44100,1,0.0221203,0.186707,0.0408473,2808.6186,116.6667,0.3216
f2001_000036,small/F2001.tar!F2001/wav_48000/F2001_000036.wav,F2001,female,joy,3,"즐거운, 기쁜, 행복한",normal,skt_index,,,6.7802,44100,1,0.0358637,0.285645,0.0596943,3840.1904,367.5000,0.5913
f2001_000037,small/F2001.tar!F2001/wav_48000/F2001_000037.wav,F2001,female,joy,3,"즐거운, 기쁜, 행복한",normal,skt_index,,,8.1270,44100,1,0.0476953,0.453125,0.0546458,2954.5930,262.5000,0.2936
f2001_000038,small/F2001.tar!F2001/wav_48000/F2001_000038.wav,F2001,female,joy,3,"즐거운, 기쁜, 행복한",normal,skt_index,,,3.5759,44100,1,0.0265509,0.24231,0.0476363,3144.9338,190.9091,0.8273
f2001_000039,small/F2001.tar!F2001/wav_48000/F2001_000039.wav,F2001,female,joy,3,"즐거운, 기쁜, 행복한",normal,skt_index,,,8.7307,44100,1,0.0369824,0.43454,0.0471141,2467.5130,150.0000,0.1533
f2001_000040,small/F2001.tar!F2001/wav_48000/F2001_000040.wav,F2001,female,joy,3,"즐거운, 기쁜, 행복한",normal,skt_index,,,5.1548,44100,1,0.0364876,0.378143,0.0340127,2020.3262,210.0000,0.7496
f2001_000041,small/F2001.tar!F2001/wav_48000/F2001_000041.wav,F2001,female,sad,4,슬픈,frustrated,skt_index,,,3.2972,44100,1,0.049645,0.540375,0.0427627,2907.6767,408.3333,0.2588
f2001_000042,small/F2001.tar!F2001/wav_48000/F2001_000042.wav,F2001,female,sad,4,슬픈,frustrated,skt_index,,,6.3158,44100,1,0.0721379,0.820984,0.0556212,2995.7520,249.1525,0.3397
f2001_000043,small/F2001.tar!F2001/wav_48000/F2001_000043.wav,F2001,female,sad,4,슬픈,frustrated,skt_index,,,9.1487,44100,1,0.0771815,0.904999,0.0619028,3821.8236,334.0909,0.2903
f2001_000044,small/F2001.tar!F2001/wav_48000/F2001_000044.wav,F2001,female,sad,4,슬픈,frustrated,skt_index,,,6.0836,44100,1,0.0601787,0.482269,0.0642111,2421.9691,219.4030,0.6894
f2001_000045,small/F2001.tar!F2001/wav_48000/F2001_000045.wav,F2001,female,sad,4,슬픈,frustrated,skt_index,,,8.3592,44100,1,0.057074,0.611542,0.0525473,2384.8438,334.0909,0.5298
f2001_000046,small/F2001.tar!F2001/wav_48000/F2001_000046.wav,F2001,female,sad,4,슬픈,frustrated,skt_index,,,4.5047,44100,1,0.0738621,0.570221,0.0614029,3115.2585,420.0000,0.4954
f2001_000047,small/F2001.tar!F2001/wav_48000/F2001_000047.wav,F2001,female,sad,4,슬픈,frustrated,skt_index,,,5.4335,44100,1,0.110261,0.667725,0.0757841,2811.3584,341.8605,0.4462
f2001_000048,small/F2001.tar!F2001/wav_48000/F2001_000048.wav,F2001,female,sad,4,슬픈,frustrated,skt_index,,,4.3654,44100,1,0.033734,0.290222,0.0504646,2646.2514,222.7273,0.6630
f2001_000049,small/F2001.tar!F2001/wav_48000/F2001_000049.wav,F2001,female,sad,4,슬픈,frustrated,skt_index,,,5.6657,44100,1,0.0540395,0.56015,0.0498889,2325.2550,,0.0793
f2001_000050,small/F2001.tar!F2001/wav_48000/F2001_000050.wav,F2001,female,sad,4,슬픈,frustrated,skt_index,,,3.9474,44100,1,0.0235434,0.187164,0.0431815,2697.3532,170.9302,0.5723
f2001_000051,small/F2001.tar!F2001/wav_48000/F2001_000051.wav,F2001,female,serious,5,"단호한, 명령하듯 말하는",frustrated,skt_index,,,3.1115,44100,1,0.0214474,0.163574,0.0485078,3112.9935,408.3333,0.3441
f2001_000052,small/F2001.tar!F2001/wav_48000/F2001_000052.wav,F2001,female,serious,5,"단호한, 명령하듯 말하는",frustrated,skt_index,,,4.7833,44100,1,0.0222604,0.228058,0.0541663,3576.5955,183.7500,0.4301
f2001_000053,small/F2001.tar!F2001/wav_48000/F2001_000053.wav,F2001,female,serious,5,"단호한, 명령하듯 말하는",frustrated,skt_index,,,3.9474,44100,1,0.0546824,0.613373,0.0599785,2918.6662,367.5000,0.5480
f2001_000054,small/F2001.tar!F2001/wav_48000/F2001_000054.wav,F2001,female,serious,5,"단호한, 명령하듯 말하는",frustrated,skt_index,,,6.9195,44100,1,0.0410359,0.385651,0.0509387,2454.8934,288.2353,0.8095
f2001_000055,small/F2001.tar!F2001/wav_48000/F2001_000055.wav,F2001,female,serious,5,"단호한, 명령하듯 말하는",frustrated,skt_index,,,8.7771,44100,1,0.0225311,0.222534,0.0540728,3606.8741,267.2727,0.8604
f2001_000056,small/F2001.tar!F2001/wav_48000/F2001_000056.wav,F2001,female,serious,5,"단호한, 명령하듯 말하는",frustrated,skt_index,,,9.4737,44100,1,0.0350069,0.325867,0.0761912,3213.6295,358.5366,0.3434
f2001_000057,small/F2001.tar!F2001/wav_48000/F2001_000057.wav,F2001,female,serious,5,"단호한, 명령하듯 말하는",frustrated,skt_index,,,7.1053,44100,1,0.0262684,0.247192,0.043671,2516.8159,420.0000,0.6732
f2001_000058,small/F2001.tar!F2001/wav_48000/F2001_000058.wav,F2001,female,serious,5,"단호한, 명령하듯 말하는",frustrated,skt_index,,,5.5263,44100,1,0.0614343,0.492035,0.0440029,2448.2087,397.2973,0.5154
f2001_000059,small/F2001.tar!F2001/wav_48000/F2001_000059.wav,F2001,female,serious,5,"단호한, 명령하듯 말하는",frustrated,skt_index,,,5.7585,44100,1,0.0338812,0.296448,0.0631618,3116.9520,240.9836,0.4098
f2001_000060,small/F2001.tar!F2001/wav_48000/F2001_000060.wav,F2001,female,serious,5,"단호한, 명령하듯 말하는",frustrated,skt_index,,,4.7369,44100,1,0.030123,0.305084,0.0589196,3133.4031,294.0000,0.5995
f2001_000061,small/F2001.tar!F2001/wav_48000/F2001_000061.wav,F2001,female,anxious,6,"걱정, 근심, 염려하는",frustrated,skt_index,,,7.3839,44100,1,0.0246513,0.23111,0.0576665,2769.7790,306.2500,0.2703
f2001_000062,small/F2001.tar!F2001/wav_48000/F2001_000062.wav,F2001,female,anxious,6,"걱정, 근심, 염려하는",frustrated,skt_index,,,5.0620,44100,1,0.0246865,0.288361,0.0427226,2213.7590,226.1538,0.3873
f2001_000063,small/F2001.tar!F2001/wav_48000/F2001_000063.wav,F2001,female,anxious,6,"걱정, 근심, 염려하는",frustrated,skt_index,,,7.2911,44100,1,0.0174794,0.170349,0.0755625,4236.6853,193.4211,0.8649
f2001_000064,small/F2001.tar!F2001/wav_48000/F2001_000064.wav,F2001,female,anxious,6,"걱정, 근심, 염려하는",frustrated,skt_index,,,5.5263,44100,1,0.0227918,0.214508,0.0575928,3924.7233,219.4030,0.9259
f2001_000065,small/F2001.tar!F2001/wav_48000/F2001_000065.wav,F2001,female,anxious,6,"걱정, 근심, 염려하는",frustrated,skt_index,,,5.0620,44100,1,0.030876,0.216766,0.0482505,2001.2691,272.2222,0.4296
f2001_000066,small/F2001.tar!F2001/wav_48000/F2001_000066.wav,F2001,female,anxious,6,"걱정, 근심, 염려하는",frustrated,skt_index,,,5.9907,44100,1,0.0312197,0.34845,0.0448274,2181.0527,179.2683,0.5468
f2001_000067,small/F2001.tar!F2001/wav_48000/F2001_000067.wav,F2001,female,anxious,6,"걱정, 근심, 염려하는",frustrated,skt_index,,,4.0867,44100,1,0.0139999,0.109955,0.0561416,3184.4578,222.7273,0.5697
f2001_000068,small/F2001.tar!F2001/wav_48000/F2001_000068.wav,F2001,female,anxious,6,"걱정, 근심, 염려하는",frustrated,skt_index,,,8.0341,44100,1,0.023765,0.216583,0.0509282,2931.7214,140.0000,0.4811
f2001_000069,small/F2001.tar!F2001/wav_48000/F2001_000069.wav,F2001,female,anxious,6,"걱정, 근심, 염려하는",frustrated,skt_index,,,5.0155,44100,1,0.0248704,0.200439,0.0474539,3132.8600,229.6875,0.4910
f2001_000070,small/F2001.tar!F2001/wav_48000/F2001_000070.wav,F2001,female,anxious,6,"걱정, 근심, 염려하는",frustrated,skt_index,,,4.7369,44100,1,0.0295683,0.256744,0.0476747,3249.3910,190.9091,0.6276
f2001_000071,small/F2001.tar!F2001/wav_48000/F2001_000071.wav,F2001,female,kind,7,"상냥한, 친절한, 공손한",normal,skt_index,,,5.6192,44100,1,0.0446275,0.678528,0.0484893,2403.2120,376.9231,0.1950
f2001_000072,small/F2001.tar!F2001/wav_48000/F2001_000072.wav,F2001,female,kind,7,"상냥한, 친절한, 공손한",normal,skt_index,,,3.2508,44100,1,0.0624271,0.515381,0.0407439,2803.0816,420.0000,0.3446
f2001_000073,small/F2001.tar!F2001/wav_48000/F2001_000073.wav,F2001,female,kind,7,"상냥한, 친절한, 공손한",normal,skt_index,,,5.6192,44100,1,0.0647509,0.666687,0.0436428,2701.7019,213.0435,0.5638
f2001_000074,small/F2001.tar!F2001/wav_48000/F2001_000074.wav,F2001,female,kind,7,"상냥한, 친절한, 공손한",normal,skt_index,,,3.9474,44100,1,0.0758182,0.743591,0.073392,3331.5458,233.3333,0.7878
f2001_000075,small/F2001.tar!F2001/wav_48000/F2001_000075.wav,F2001,female,kind,7,"상냥한, 친절한, 공손한",normal,skt_index,,,3.5294,44100,1,0.0319255,0.260193,0.0476077,3712.3091,300.0000,0.4370
f2001_000076,small/F2001.tar!F2001/wav_48000/F2001_000076.wav,F2001,female,kind,7,"상냥한, 친절한, 공손한",normal,skt_index,,,5.6657,44100,1,0.0516783,0.756958,0.065442,3303.0494,188.4615,0.2035
f2001_000077,small/F2001.tar!F2001/wav_48000/F2001_000077.wav,F2001,female,kind,7,"상냥한, 친절한, 공손한",normal,skt_index,,,5.7585,44100,1,0.0336489,0.245605,0.0568062,3800.3012,288.2353,0.6545
f2001_000078,small/F2001.tar!F2001/wav_48000/F2001_000078.wav,F2001,female,kind,7,"상냥한, 친절한, 공손한",normal,skt_index,,,9.6595,44100,1,0.0290878,0.264832,0.0608358,4571.9024,300.0000,0.7060
f2001_000079,small/F2001.tar!F2001/wav_48000/F2001_000079.wav,F2001,female,kind,7,"상냥한, 친절한, 공손한",normal,skt_index,,,6.6409,44100,1,0.0326215,0.302643,0.0692201,4150.9487,229.6875,0.5913
f2001_000080,small/F2001.tar!F2001/wav_48000/F2001_000080.wav,F2001,female,kind,7,"상냥한, 친절한, 공손한",normal,skt_index,,,8.1734,44100,1,0.0697947,0.724121,0.0755284,3924.2040,282.6923,0.6752
f2001_000081,small/F2001.tar!F2001/wav_48000/F2001_000081.wav,F2001,female,dry,8,사무적인 톤의,normal,skt_index,,,3.5759,44100,1,0.0136178,0.142853,0.034535,4401.7295,277.3585,0.8038
f2001_000082,small/F2001.tar!F2001/wav_48000/F2001_000082.wav,F2001,female,dry,8,사무적인 톤의,normal,skt_index,,,8.1734,44100,1,0.0347767,0.340332,0.0487534,2824.1585,222.7273,0.9229
f2001_000083,small/F2001.tar!F2001/wav_48000/F2001_000083.wav,F2001,female,dry,8,사무적인 톤의,normal,skt_index,,,7.7555,44100,1,0.0332352,0.279175,0.051948,3059.4808,386.8421,0.4301
f2001_000084,small/F2001.tar!F2001/wav_48000/F2001_000084.wav,F2001,female,dry,8,사무적인 톤의,normal,skt_index,,,4.0403,44100,1,0.0425865,0.33609,0.0340564,2458.8948,420.0000,0.8582
f2001_000085,small/F2001.tar!F2001/wav_48000/F2001_000085.wav,F2001,female,dry,8,사무적인 톤의,normal,skt_index,,,2.9257,44100,1,0.0258153,0.332306,0.0322966,3052.9783,386.8421,0.4825
f2001_000086,small/F2001.tar!F2001/wav_48000/F2001_000086.wav,F2001,female,dry,8,사무적인 톤의,normal,skt_index,,,5.8050,44100,1,0.0466949,0.577087,0.0477736,3621.5793,190.9091,0.2079
f2001_000087,small/F2001.tar!F2001/wav_48000/F2001_000087.wav,F2001,female,dry,8,사무적인 톤의,normal,skt_index,,,5.9443,44100,1,0.0563247,0.703156,0.0551264,2720.7941,262.5000,0.4564
f2001_000088,small/F2001.tar!F2001/wav_48000/F2001_000088.wav,F2001,female,dry,8,사무적인 톤의,normal,skt_index,,,4.1332,44100,1,0.0213583,0.206268,0.0526085,2408.4389,319.5652,0.2611
f2001_000089,small/F2001.tar!F2001/wav_48000/F2001_000089.wav,F2001,female,dry,8,사무적인 톤의,normal,skt_index,,,4.4582,44100,1,0.0193464,0.184357,0.0460767,2904.0318,201.3699,0.2779
f2001_000090,small/F2001.tar!F2001/wav_48000/F2001_000090.wav,F2001,female,dry,8,사무적인 톤의,normal,skt_index,,,7.5697,44100,1,0.0684261,0.588409,0.0508833,2208.8640,262.5000,0.3996
f2001_000091,small/F2001.tar!F2001/wav_48000/F2001_000091.wav,F2001,female,tease,9,"심술부리듯, 비난하듯, 짜증내듯",angry,skt_index,,,7.1517,44100,1,0.0541831,0.681549,0.0416974,2850.1108,108.8889,0.6734
f2001_000092,small/F2001.tar!F2001/wav_48000/F2001_000092.wav,F2001,female,tease,9,"심술부리듯, 비난하듯, 짜증내듯",angry,skt_index,,,8.4056,44100,1,0.0444219,0.470215,0.0651493,3057.2036,233.3333,0.4909
f2001_000093,small/F2001.tar!F2001/wav_48000/F2001_000093.wav,F2001,female,tease,9,"심술부리듯, 비난하듯, 짜증내듯",angry,skt_index,,,3.7152,44100,1,0.0440382,0.486877,0.0583378,3454.6607,341.8605,0.3970
f2001_000094,small/F2001.tar!F2001/wav_48000/F2001_000094.wav,F2001,female,tease,9,"심술부리듯, 비난하듯, 짜증내듯",angry,skt_index,,,6.5480,44100,1,0.0274005,0.26474,0.0647719,3011.5219,326.6667,0.4378
f2001_000095,small/F2001.tar!F2001/wav_48000/F2001_000095.wav,F2001,female,tease,9,"심술부리듯, 비난하듯, 짜증내듯",angry,skt_index,,,5.5263,44100,1,0.016544,0.135376,0.0574082,5414.1069,181.4815,0.7530
f2001_000096,small/F2001.tar!F2001/wav_48000/F2001_000096.wav,F2001,female,tease,9,"심술부리듯, 비난하듯, 짜증내듯",angry,skt_index,,,8.7771,44100,1,0.0628234,0.581451,0.0562842,3259.7059,334.0909,0.8819
f2001_000097,small/F2001.tar!F2001/wav_48000/F2001_000097.wav,F2001,female,tease,9,"심술부리듯, 비난하듯, 짜증내듯",angry,skt_index,,,5.9443,44100,1,0.0716195,0.605072,0.0448801,2058.0033,96.7105,0.2500
f2001_000098,small/F2001.tar!F2001/wav_48000/F2001_000098.wav,F2001,female,tease,9,"심술부리듯, 비난하듯, 짜증내듯",angry,skt_index,,,7.8019,44100,1,0.0309279,0.304657,0.0578092,3280.2375,408.3333,0.5602
f2001_000099,small/F2001.tar!F2001/wav_48000/F2001_000099.wav,F2001,female,tease,9,"심술부리듯, 비난하듯, 짜증내듯",angry,skt_index,,,4.7833,44100,1,0.122722,1,0.0475863,2563.4575,131.2500,0.2119
f2001_000100,small/F2001.tar!F2001/wav_48000/F2001_000100.wav,F2001,female,tease,9,"심술부리듯, 비난하듯, 짜증내듯",angry,skt_index,,,5.8050,44100,1,0.0585889,0.715637,0.0669885,3192.6006,257.8947,0.5749
f2001_000101,small/F2001.tar!F2001/wav_48000/F2001_000101.wav,F2001,female,doubt,10,"의심스러운 듯, 궁금한 듯",normal,skt_index,,,3.8081,44100,1,0.0643167,0.949982,0.066752,3652.0466,262.5000,0.1894
f2001_000102,small/F2001.tar!F2001/wav_48000/F2001_000102.wav,F2001,female,doubt,10,"의심스러운 듯, 궁금한 듯",normal,skt_index,,,4.2260,44100,1,0.036547,0.327637,0.0478733,3099.1053,253.4483,0.7054
f2001_000103,small/F2001.tar!F2001/wav_48000/F2001_000103.wav,F2001,female,doubt,10,"의심스러운 듯, 궁금한 듯",normal,skt_index,,,3.9942,44100,1,0.0270879,0.257629,0.0476201,3401.3415,334.0909,0.8340
f2001_000104,small/F2001.tar!F2001/wav_48000/F2001_000104.wav,F2001,female,doubt,10,"의심스러운 듯, 궁금한 듯",normal,skt_index,,,10.2168,44100,1,0.0483432,0.561127,0.0558417,3045.3002,82.1229,0.2555
f2001_000105,small/F2001.tar!F2001/wav_48000/F2001_000105.wav,F2001,female,doubt,10,"의심스러운 듯, 궁금한 듯",normal,skt_index,,,4.1796,44100,1,0.0519396,0.675812,0.0481882,3345.5648,367.5000,0.8649
f2001_000106,small/F2001.tar!F2001/wav_48000/F2001_000106.wav,F2001,female,doubt,10,"의심스러운 듯, 궁금한 듯",normal,skt_index,,,6.2694,44100,1,0.0318758,0.316315,0.0363644,2168.6781,245.0000,0.2887
f2001_000107,small/F2001.tar!F2001/wav_48000/F2001_000107.wav,F2001,female,doubt,10,"의심스러운 듯, 궁금한 듯",normal,skt_index,,,5.7585,44100,1,0.0838259,0.785217,0.063528,2891.3633,420.0000,0.6614
f2001_000108,small/F2001.tar!F2001/wav_48000/F2001_000108.wav,F2001,female,doubt,10,"의심스러운 듯, 궁금한 듯",normal,skt_index,,,6.1301,44100,1,0.058028,0.590637,0.0733571,3510.9240,216.1765,0.6148
f2001_000109,small/F2001.tar!F2001/wav_48000/F2001_000109.wav,F2001,female,doubt,10,"의심스러운 듯, 궁금한 듯",normal,skt_index,,,6.4551,44100,1,0.0772565,0.949982,0.0831873,3632.7503,213.0435,0.2605
f2001_000110,small/F2001.tar!F2001/wav_48000/F2001_000110.wav,F2001,female,doubt,10,"의심스러운 듯, 궁금한 듯",normal,skt_index,,,2.3220,44100,1,0.0145047,0.0971069,0.0231448,2931.6719,213.0435,0.8106
f2001_000111,small/F2001.tar!F2001/wav_48000/F2001_000111.wav,F2001,female,surprise,11,깜짝 놀란듯,frustrated,skt_index,,,10.0310,44100,1,0.0369741,0.462219,0.0673739,4081.4396,350.0000,0.6424
f2001_000112,small/F2001.tar!F2001/wav_48000/F2001_000112.wav,F2001,female,surprise,11,깜짝 놀란듯,frustrated,skt_index,,,4.5047,44100,1,0.0235112,0.198059,0.0530014,2257.0014,267.2727,0.6458
f2001_000113,small/F2001.tar!F2001/wav_48000/F2001_000113.wav,F2001,female,surprise,11,깜짝 놀란듯,frustrated,skt_index,,,5.5263,44100,1,0.0196342,0.239105,0.0513313,3531.0578,267.2727,0.6672
f2001_000114,small/F2001.tar!F2001/wav_48000/F2001_000114.wav,F2001,female,surprise,11,깜짝 놀란듯,frustrated,skt_index,,,7.8948,44100,1,0.0308954,0.281738,0.0827352,4558.9442,89.6341,0.5156
f2001_000115,small/F2001.tar!F2001/wav_48000/F2001_000115.wav,F2001,female,surprise,11,깜짝 놀란듯,frustrated,skt_index,,,7.1517,44100,1,0.0238374,0.226288,0.0777606,3946.4097,226.1538,0.3301
f2001_000116,small/F2001.tar!F2001/wav_48000/F2001_000116.wav,F2001,female,surprise,11,깜짝 놀란듯,frustrated,skt_index,,,6.9660,44100,1,0.0674664,0.702209,0.044756,2118.8739,262.5000,0.2551
f2001_000117,small/F2001.tar!F2001/wav_48000/F2001_000117.wav,F2001,female,surprise,11,깜짝 놀란듯,frustrated,skt_index,,,6.5480,44100,1,0.0263381,0.192322,0.0489287,2432.1711,294.0000,0.6822
f2001_000118,small/F2001.tar!F2001/wav_48000/F2001_000118.wav,F2001,female,surprise,11,깜짝 놀란듯,frustrated,skt_index,,,5.3870,44100,1,0.0201889,0.178101,0.0657541,4348.0590,386.8421,0.8983
f2001_000119,small/F2001.tar!F2001/wav_48000/F2001_000119.wav,F2001,female,surprise,11,깜짝 놀란듯,frustrated,skt_index,,,5.5263,44100,1,0.0203925,0.249268,0.053982,2674.9529,367.5000,0.5103
f2001_000120,small/F2001.tar!F2001/wav_48000/F2001_000120.wav,F2001,female,surprise,11,깜짝 놀란듯,frustrated,skt_index,,,9.6131,44100,1,0.0277976,0.351318,0.0704353,3278.3209,233.3333,0.4106
f2001_000121,small/F2001.tar!F2001/wav_48000/F2001_000121.wav,F2001,female,shy,12,부끄러운듯,normal,skt_index,,,5.0620,44100,1,0.0504252,0.546692,0.0526898,2907.8298,150.0000,0.3199
f2001_000122,small/F2001.tar!F2001/wav_48000/F2001_000122.wav,F2001,female,shy,12,부끄러운듯,normal,skt_index,,,2.7864,44100,1,0.0322844,0.198395,0.0386315,1793.9625,294.0000,0.5211
f2001_000123,small/F2001.tar!F2001/wav_48000/F2001_000123.wav,F2001,female,shy,12,부끄러운듯,normal,skt_index,,,3.5759,44100,1,0.0353396,0.196259,0.0318526,2036.6236,282.6923,0.8410
f2001_000124,small/F2001.tar!F2001/wav_48000/F2001_000124.wav,F2001,female,shy,12,부끄러운듯,normal,skt_index,,,7.2446,44100,1,0.0283654,0.203705,0.0412067,3193.8780,306.2500,0.5789
f2001_000125,small/F2001.tar!F2001/wav_48000/F2001_000125.wav,F2001,female,shy,12,부끄러운듯,normal,skt_index,,,5.2013,44100,1,0.0314518,0.340668,0.0496698,3544.9557,229.6875,0.8714
f2001_000126,small/F2001.tar!F2001/wav_48000/F2001_000126.wav,F2001,female,shy,12,부끄러운듯,normal,skt_index,,,8.5449,44100,1,0.0371785,0.386139,0.0676484,3850.3970,207.0423,0.7229
f2001_000127,small/F2001.tar!F2001/wav_48000/F2001_000127.wav,F2001,female,shy,12,부끄러운듯,normal,skt_index,,,5.8050,44100,1,0.0255921,0.350769,0.0669456,2433.1393,210.0000,0.2111
f2001_000128,small/F2001.tar!F2001/wav_48000/F2001_000128.wav,F2001,female,shy,12,부끄러운듯,normal,skt_index,,,5.8050,44100,1,0.0262757,0.236633,0.0641174,4202.8602,420.0000,0.7816
f2001_000129,small/F2001.tar!F2001/wav_48000/F2001_000129.wav,F2001,female,shy,12,부끄러운듯,normal,skt_index,,,5.9907,44100,1,0.0411103,0.358948,0.0495323,3007.2570,249.1525,0.9014
f2001_000130,small/F2001.tar!F2001/wav_48000/F2001_000130.wav,F2001,female,shy,12,부끄러운듯,normal,skt_index,,,8.0341,44100,1,0.0219766,0.174072,0.0436067,3596.6942,188.4615,0.6982
f2001_000131,small/F2001.tar!F2001/wav_48000/F2001_000131.wav,F2001,female,hurry,13,몹시 서두르는 듯,frustrated,skt_index,,,7.7555,44100,1,0.0697975,0.531128,0.0435215,2448.3445,193.4211,0.3177
f2001_000132,small/F2001.tar!F2001/wav_48000/F2001_000132.wav,F2001,female,hurry,13,몹시 서두르는 듯,frustrated,skt_index,,,4.5511,44100,1,0.0889192,0.942444,0.0561676,3000.3867,249.1525,0.3611
f2001_000133,small/F2001.tar!F2001/wav_48000/F2001_000133.wav,F2001,female,hurry,13,몹시 서두르는 듯,frustrated,skt_index,,,3.8545,44100,1,0.0755261,0.50827,0.0603884,3170.8559,253.4483,0.5724
f2001_000134,small/F2001.tar!F2001/wav_48000/F2001_000134.wav,F2001,female,hurry,13,몹시 서두르는 듯,frustrated,skt_index,,,5.4335,44100,1,0.0429848,0.339508,0.0379567,2409.8417,240.9836,0.3099
f2001_000135,small/F2001.tar!F2001/wav_48000/F2001_000135.wav,F2001,female,hurry,13,몹시 서두르는 듯,frustrated,skt_index,,,5.5263,44100,1,0.045308,0.529327,0.0391447,2589.4679,277.3585,0.3688
f2001_000136,small/F2001.tar!F2001/wav_48000/F2001_000136.wav,F2001,female,hurry,13,몹시 서두르는 듯,frustrated,skt_index,,,1.9505,44100,1,0.0360532,0.234192,0.0226356,5205.1180,272.2222,0.8346
f2001_000137,small/F2001.tar!F2001/wav_48000/F2001_000137.wav,F2001,female,hurry,13,몹시 서두르는 듯,frustrated,skt_index,,,4.2725,44100,1,0.0499649,0.892792,0.0649099,4083.3731,267.2727,0.3464
f2001_000138,small/F2001.tar!F2001/wav_48000/F2001_000138.wav,F2001,female,hurry,13,몹시 서두르는 듯,frustrated,skt_index,,,4.5511,44100,1,0.0540316,0.723419,0.03982,3199.4618,420.0000,0.5478
f2001_000139,small/F2001.tar!F2001/wav_48000/F2001_000139.wav,F2001,female,hurry,13,몹시 서두르는 듯,frustrated,skt_index,,,8.0805,44100,1,0.0685548,0.700226,0.0625226,4054.0860,334.0909,0.5231
f2001_000140,small/F2001.tar!F2001/wav_48000/F2001_000140.wav,F2001,female,hurry,13,몹시 서두르는 듯,frustrated,skt_index,,,4.5511,44100,1,0.0399566,0.858124,0.0664564,3554.9094,245.0000,0.2657
f2001_000141,small/F2001.tar!F2001/wav_48000/F2001_000141.wav,F2001,female,fear,14,"무서운, 공포, 두려워하듯",frustrated,skt_index,,,6.8731,44100,1,0.030543,0.320892,0.0437343,2469.0960,300.0000,0.9281
f2001_000142,small/F2001.tar!F2001/wav_48000/F2001_000142.wav,F2001,female,fear,14,"무서운, 공포, 두려워하듯",frustrated,skt_index,,,5.8514,44100,1,0.0264797,0.184509,0.0515642,3163.9657,233.3333,0.4064
f2001_000143,small/F2001.tar!F2001/wav_48000/F2001_000143.wav,F2001,female,fear,14,"무서운, 공포, 두려워하듯",frustrated,skt_index,,,5.3406,44100,1,0.0239244,0.248993,0.0453127,2403.1783,272.2222,0.9520
f2001_000144,small/F2001.tar!F2001/wav_48000/F2001_000144.wav,F2001,female,fear,14,"무서운, 공포, 두려워하듯",frustrated,skt_index,,,5.7121,44100,1,0.0229978,0.167633,0.0681334,3752.0718,326.6667,0.7318
f2001_000145,small/F2001.tar!F2001/wav_48000/F2001_000145.wav,F2001,female,fear,14,"무서운, 공포, 두려워하듯",frustrated,skt_index,,,4.5047,44100,1,0.0286933,0.211975,0.0543908,2933.6236,267.2727,0.5578
f2001_000146,small/F2001.tar!F2001/wav_48000/F2001_000146.wav,F2001,female,fear,14,"무서운, 공포, 두려워하듯",frustrated,skt_index,,,5.9443,44100,1,0.0255852,0.227417,0.0604212,3030.2735,253.4483,0.4690
f2001_000147,small/F2001.tar!F2001/wav_48000/F2001_000147.wav,F2001,female,fear,14,"무서운, 공포, 두려워하듯",frustrated,skt_index,,,6.0836,44100,1,0.0235455,0.26355,0.05307,3305.1442,204.1667,0.5106
f2001_000148,small/F2001.tar!F2001/wav_48000/F2001_000148.wav,F2001,female,fear,14,"무서운, 공포, 두려워하듯",frustrated,skt_index,,,5.8050,44100,1,0.0245708,0.189209,0.0470588,2458.7508,186.0759,0.6055
f2001_000149,small/F2001.tar!F2001/wav_48000/F2001_000149.wav,F2001,female,fear,14,"무서운, 공포, 두려워하듯",frustrated,skt_index,,,3.6223,44100,1,0.0313664,0.41449,0.0495233,2862.7802,245.0000,0.5784
f2001_000150,small/F2001.tar!F2001/wav_48000/F2001_000150.wav,F2001,female,fear,14,"무서운, 공포, 두려워하듯",frustrated,skt_index,,,4.6440,44100,1,0.0312872,0.246063,0.0562942,2933.5134,319.5652,0.8768
f2001_000151,small/F2001.tar!F2001/wav_48000/F2001_000151.wav,F2001,female,hesitate,15,"머뭇거리듯, 당황한듯",normal,skt_index,,,10.4954,44100,1,0.0292731,0.246826,0.0676444,3616.2844,358.5366,0.8917
f2001_000152,small/F2001.tar!F2001/wav_48000/F2001_000152.wav,F2001,female,hesitate,15,"머뭇거리듯, 당황한듯",normal,skt_index,,,5.8979,44100,1,0.0263151,0.182831,0.0720121,3397.2229,257.8947,0.9326
f2001_000153,small/F2001.tar!F2001/wav_48000/F2001_000153.wav,F2001,female,hesitate,15,"머뭇거리듯, 당황한듯",normal,skt_index,,,12.5852,44100,1,0.0269787,0.274963,0.0641397,3118.6569,249.1525,0.7438
f2001_000154,small/F2001.tar!F2001/wav_48000/F2001_000154.wav,F2001,female,hesitate,15,"머뭇거리듯, 당황한듯",normal,skt_index,,,4.0403,44100,1,0.02401,0.200836,0.0479472,2572.4584,207.0423,0.4711
f2001_000155,small/F2001.tar!F2001/wav_48000/F2001_000155.wav,F2001,female,hesitate,15,"머뭇거리듯, 당황한듯",normal,skt_index,,,4.1796,44100,1,0.0300245,0.213806,0.0413739,2839.9876,90.7407,0.4787
f2001_000156,small/F2001.tar!F2001/wav_48000/F2001_000156.wav,F2001,female,hesitate,15,"머뭇거리듯, 당황한듯",normal,skt_index,,,5.0620,44100,1,0.0250786,0.216034,0.0459838,2786.0923,306.2500,0.6702
f2001_000157,small/F2001.tar!F2001/wav_48000/F2001_000157.wav,F2001,female,hesitate,15,"머뭇거리듯, 당황한듯",normal,skt_index,,,6.7802,44100,1,0.0298493,0.235992,0.0460825,2923.8816,237.0968,0.8612
f2001_000158,small/F2001.tar!F2001/wav_48000/F2001_000158.wav,F2001,female,hesitate,15,"머뭇거리듯, 당황한듯",normal,skt_index,,,5.5728,44100,1,0.0286962,0.205627,0.0466636,2813.0384,245.0000,0.6648
f2001_000159,small/F2001.tar!F2001/wav_48000/F2001_000159.wav,F2001,female,hesitate,15,"머뭇거리듯, 당황한듯",normal,skt_index,,,4.4582,44100,1,0.0307688,0.286987,0.0411888,2413.5302,358.5366,0.8642
f2001_000160,small/F2001.tar!F2001/wav_48000/F2001_000160.wav,F2001,female,hesitate,15,"머뭇거리듯, 당황한듯",normal,skt_index,,,3.9010,44100,1,0.0225699,0.187103,0.0452883,2828.3420,253.4483,0.6656
